{
  "posted": {
    "TRXUSDT_SPOT": 1773384101.6297572,
    "TRXUSDT_FUTURES": 1773384162.1639721,
    "TURBOUSDT_SPOT": 1773384219.550212,
    "RENDERUSDT_SPOT": 1773384277.8107262,
    "PYTHUSDT_SPOT": 1773384336.6565027,
    "NEIROUSDT_SPOT": 1773384393.4330938,
    "MEMEUSDT_SPOT": 1773384450.881852
  },
  "active": {}
}