{
  "posted": {
    "BTCUSDT": 1773157307.1146786,
    "ETHUSDT": 1773157343.7174287,
    "TRXUSDT": 1773201757.31897,
    "DOGEUSDT": 1773232723.1128328,
    "XRPUSDT": 1773157456.1731756,
    "SOLUSDT": 1773157491.41692,
    "PEPEUSDT": 1773228428.1284797
  },
  "active": {
    "BTCUSDT": {
      "signal": "BUY",
      "entry": 71058.3800293458,
      "tp1": 71500,
      "tp2": 71900,
      "tp3": 72300,
      "sl": 69296.4,
      "tp1_hit": false,
      "tp2_hit": false,
      "tp3_hit": false,
      "sl_hit": false,
      "posted_at": 1773157307.114682,
      "market": "SPOT"
    },
    "ETHUSDT": {
      "signal": "BUY",
      "entry": 2065.51,
      "tp1": 2090.0,
      "tp2": 2115.0,
      "tp3": 2140.0,
      "sl": 2008.78,
      "tp1_hit": false,
      "tp2_hit": false,
      "tp3_hit": false,
      "sl_hit": false,
      "posted_at": 1773157343.7174308,
      "market": "SPOT"
    },
    "TRXUSDT": {
      "signal": "BUY",
      "entry": 0.2867,
      "tp1": 0.2915,
      "tp2": 0.2963,
      "tp3": 0.3011,
      "sl": 0.2836,
      "tp1_hit": false,
      "tp2_hit": false,
      "tp3_hit": false,
      "sl_hit": false,
      "posted_at": 1773201757.3189733,
      "market": "SPOT"
    },
    "SOLUSDT": {
      "signal": "BUY",
      "entry": 87.75,
      "tp1": 89.0,
      "tp2": 90.25,
      "tp3": 91.5,
      "sl": 84.9,
      "tp1_hit": false,
      "tp2_hit": false,
      "tp3_hit": false,
      "sl_hit": false,
      "posted_at": 1773157491.4169226,
      "market": "SPOT"
    },
    "PEPEUSDT": {
      "signal": "BUY",
      "entry": 3.28751521875268e-06,
      "tp1": 3.35e-06,
      "tp2": 3.42e-06,
      "tp3": 3.5e-06,
      "sl": 3.1e-06,
      "tp1_hit": false,
      "tp2_hit": false,
      "tp3_hit": false,
      "sl_hit": false,
      "posted_at": 1773228428.1284828,
      "market": "SPOT"
    },
    "DOGEUSDT": {
      "signal": "BUY",
      "entry": 0.0925577589041224,
      "tp1": 0.09342,
      "tp2": 0.0943,
      "tp3": 0.0952,
      "sl": 0.0915,
      "tp1_hit": false,
      "tp2_hit": false,
      "tp3_hit": false,
      "sl_hit": false,
      "posted_at": 1773232723.112835,
      "market": "SPOT"
    }
  }
}