{
  "posted": {
    "BTCUSDT": 1773237642.3446436,
    "ETHUSDT": 1773237681.6911726,
    "TRXUSDT": 1773201757.31897,
    "DOGEUSDT": 1773232723.1128328,
    "XRPUSDT": 1773237722.0974007,
    "SOLUSDT": 1773157491.41692,
    "PEPEUSDT": 1773228428.1284797
  },
  "active": {
    "BTCUSDT": {
      "signal": "BUY",
      "entry": 70195.0464340995,
      "tp1": 70800,
      "tp2": 71400,
      "tp3": 72000,
      "sl": 68986.08,
      "tp1_hit": false,
      "tp2_hit": false,
      "tp3_hit": false,
      "sl_hit": false,
      "posted_at": 1773237642.3446465,
      "market": "SPOT"
    },
    "ETHUSDT": {
      "signal": "BUY",
      "entry": 2050.85391945778,
      "tp1": 2065.0,
      "tp2": 2080.0,
      "tp3": 2095.0,
      "sl": 2009.78,
      "tp1_hit": false,
      "tp2_hit": false,
      "tp3_hit": false,
      "sl_hit": false,
      "posted_at": 1773237681.691176,
      "market": "SPOT"
    },
    "TRXUSDT": {
      "signal": "BUY",
      "entry": 0.2867,
      "tp1": 0.2915,
      "tp2": 0.2963,
      "tp3": 0.3011,
      "sl": 0.2836,
      "tp1_hit": false,
      "tp2_hit": false,
      "tp3_hit": false,
      "sl_hit": false,
      "posted_at": 1773201757.3189733,
      "market": "SPOT"
    },
    "SOLUSDT": {
      "signal": "BUY",
      "entry": 87.75,
      "tp1": 89.0,
      "tp2": 90.25,
      "tp3": 91.5,
      "sl": 84.9,
      "tp1_hit": false,
      "tp2_hit": false,
      "tp3_hit": false,
      "sl_hit": false,
      "posted_at": 1773157491.4169226,
      "market": "SPOT"
    },
    "PEPEUSDT": {
      "signal": "BUY",
      "entry": 3.28751521875268e-06,
      "tp1": 3.35e-06,
      "tp2": 3.42e-06,
      "tp3": 3.5e-06,
      "sl": 3.1e-06,
      "tp1_hit": false,
      "tp2_hit": false,
      "tp3_hit": false,
      "sl_hit": false,
      "posted_at": 1773228428.1284828,
      "market": "SPOT"
    },
    "DOGEUSDT": {
      "signal": "BUY",
      "entry": 0.0925577589041224,
      "tp1": 0.09342,
      "tp2": 0.0943,
      "tp3": 0.0952,
      "sl": 0.0915,
      "tp1_hit": false,
      "tp2_hit": false,
      "tp3_hit": false,
      "sl_hit": false,
      "posted_at": 1773232723.112835,
      "market": "SPOT"
    },
    "XRPUSDT": {
      "signal": "BUY",
      "entry": 1.39257321714349,
      "tp1": 1.413,
      "tp2": 1.428,
      "tp3": 1.443,
      "sl": 1.371,
      "tp1_hit": false,
      "tp2_hit": false,
      "tp3_hit": false,
      "sl_hit": false,
      "posted_at": 1773237722.0974033,
      "market": "SPOT"
    }
  }
}