{
  "posted": {
    "BTCUSDT": 1773237642.3446436,
    "ETHUSDT": 1773237681.6911726,
    "TRXUSDT": 1773247301.8450644,
    "DOGEUSDT": 1773232723.1128328,
    "XRPUSDT": 1773237722.0974007,
    "SOLUSDT": 1773240716.4800844,
    "PEPEUSDT": 1773228428.1284797,
    "LTCUSDT": 1773240678.410425
  },
  "active": {
    "BTCUSDT": {
      "signal": "BUY",
      "entry": 70195.0464340995,
      "tp1": 70800,
      "tp2": 71400,
      "tp3": 72000,
      "sl": 68986.08,
      "tp1_hit": false,
      "tp2_hit": false,
      "tp3_hit": false,
      "sl_hit": false,
      "posted_at": 1773237642.3446465,
      "market": "SPOT"
    },
    "ETHUSDT": {
      "signal": "BUY",
      "entry": 2050.85391945778,
      "tp1": 2065.0,
      "tp2": 2080.0,
      "tp3": 2095.0,
      "sl": 2009.78,
      "tp1_hit": true,
      "tp2_hit": false,
      "tp3_hit": false,
      "sl_hit": false,
      "posted_at": 1773237681.691176,
      "market": "SPOT"
    },
    "TRXUSDT": {
      "signal": "BUY",
      "entry": 0.2905,
      "tp1": 0.2945,
      "tp2": 0.2985,
      "tp3": 0.3025,
      "sl": 0.2875,
      "tp1_hit": false,
      "tp2_hit": false,
      "tp3_hit": false,
      "sl_hit": false,
      "posted_at": 1773247301.8450677,
      "market": "SPOT"
    },
    "SOLUSDT": {
      "signal": "BUY",
      "entry": 86.85,
      "tp1": 87.3,
      "tp2": 87.8,
      "tp3": 88.3,
      "sl": 84.3,
      "tp1_hit": false,
      "tp2_hit": false,
      "tp3_hit": false,
      "sl_hit": false,
      "posted_at": 1773240716.4800873,
      "market": "SPOT"
    },
    "PEPEUSDT": {
      "signal": "BUY",
      "entry": 3.28751521875268e-06,
      "tp1": 3.35e-06,
      "tp2": 3.42e-06,
      "tp3": 3.5e-06,
      "sl": 3.1e-06,
      "tp1_hit": true,
      "tp2_hit": false,
      "tp3_hit": false,
      "sl_hit": false,
      "posted_at": 1773228428.1284828,
      "market": "SPOT"
    },
    "DOGEUSDT": {
      "signal": "BUY",
      "entry": 0.0925577589041224,
      "tp1": 0.09342,
      "tp2": 0.0943,
      "tp3": 0.0952,
      "sl": 0.0915,
      "tp1_hit": true,
      "tp2_hit": false,
      "tp3_hit": false,
      "sl_hit": false,
      "posted_at": 1773232723.112835,
      "market": "SPOT"
    },
    "XRPUSDT": {
      "signal": "BUY",
      "entry": 1.39257321714349,
      "tp1": 1.413,
      "tp2": 1.428,
      "tp3": 1.443,
      "sl": 1.371,
      "tp1_hit": false,
      "tp2_hit": false,
      "tp3_hit": false,
      "sl_hit": false,
      "posted_at": 1773237722.0974033,
      "market": "SPOT"
    },
    "LTCUSDT": {
      "signal": "BUY",
      "entry": 54.97,
      "tp1": 55.35,
      "tp2": 55.65,
      "tp3": 56.0,
      "sl": 53.6,
      "tp1_hit": false,
      "tp2_hit": false,
      "tp3_hit": false,
      "sl_hit": false,
      "posted_at": 1773240678.4104273,
      "market": "SPOT"
    }
  }
}